Customer_Identifier,Recency_Days,Frequency_Orders,Monetary_Value,Discount_Sensitivity
CUSTOMER_0001,23.0,1,165.29,0.2
CUSTOMER_0002,3.0,3,278.69,0.45
CUSTOMER_0003,8.0,2,147.68,0.1
CUSTOMER_0004,1.0,9,1048.67,0.17
CUSTOMER_0005,19.0,5,282.34,0.24
CUSTOMER_0006,11.0,3,530.44,0.25
CUSTOMER_0007,27.0,1,72.44,0.5
CUSTOMER_0008,11.0,20,2904.44,0.22
CUSTOMER_0009,11.0,6,688.87,0.47
CUSTOMER_0010,41.0,7,690.06,0.47
CUSTOMER_0011,1.0,18,989.5,0.11
CUSTOMER_0012,70.0,9,1168.32,0.26
CUSTOMER_0013,57.0,6,713.91,0.14
CUSTOMER_0014,33.0,5,413.6,0.42
CUSTOMER_0015,27.0,4,659.72,0.12
CUSTOMER_0016,67.0,7,609.0,0.21
CUSTOMER_0017,6.0,17,1780.93,0.44
CUSTOMER_0018,2.0,8,926.75,0.34
CUSTOMER_0019,8.0,9,485.48,0.22
CUSTOMER_0020,47.0,3,536.96,0.39
CUSTOMER_0021,1.0,7,660.94,0.17
CUSTOMER_0022,26.0,7,394.48,0.18
CUSTOMER_0023,162.0,2,194.52,0.15
CUSTOMER_0024,58.0,5,608.79,0.33
CUSTOMER_0025,22.0,8,889.56,0.17
CUSTOMER_0026,2.0,5,673.71,0.51
CUSTOMER_0027,53.0,8,405.46,0.76
CUSTOMER_0028,27.0,16,1341.94,0.14
CUSTOMER_0029,4.0,17,2629.22,0.23
CUSTOMER_0030,3.0,4,258.07,0.38
CUSTOMER_0031,72.0,5,823.0,0.33
CUSTOMER_0032,33.0,12,705.04,0.2
CUSTOMER_0033,53.0,5,785.86,0.33
CUSTOMER_0034,63.0,11,1061.06,0.37
CUSTOMER_0035,25.0,2,250.94,0.38
CUSTOMER_0036,22.0,2,130.65,0.54
CUSTOMER_0037,17.0,13,704.53,0.4
CUSTOMER_0038,11.0,4,310.64,0.22
CUSTOMER_0039,17.0,8,510.82,0.15
CUSTOMER_0040,45.0,6,513.55,0.22
CUSTOMER_0041,28.0,3,332.67,0.31
CUSTOMER_0042,67.0,10,1257.62,0.07
CUSTOMER_0043,18.0,2,317.57,0.25
CUSTOMER_0044,28.0,6,793.69,0.61
CUSTOMER_0045,30.0,2,222.62,0.79
CUSTOMER_0046,27.0,10,1001.76,0.31
CUSTOMER_0047,36.0,9,993.15,0.08
CUSTOMER_0048,8.0,9,944.75,0.35
CUSTOMER_0049,22.0,2,293.43,0.07
CUSTOMER_0050,3.0,4,295.67,0.2
CUSTOMER_0051,15.0,18,816.11,0.32
CUSTOMER_0052,20.0,5,691.76,0.37
CUSTOMER_0053,32.0,4,288.63,0.54
CUSTOMER_0054,90.0,4,642.52,0.07
CUSTOMER_0055,28.0,4,655.06,0.26
CUSTOMER_0056,41.0,2,102.62,0.18
CUSTOMER_0057,21.0,6,331.69,0.39
CUSTOMER_0058,30.0,2,205.84,0.11
CUSTOMER_0059,2.0,4,543.66,0.09
CUSTOMER_0060,9.0,2,171.91,0.28
CUSTOMER_0061,13.0,4,569.23,0.04
CUSTOMER_0062,19.0,5,621.57,0.46
CUSTOMER_0063,1.0,7,627.8,0.36
CUSTOMER_0064,5.0,1,54.03,0.25
CUSTOMER_0065,10.0,10,1468.55,0.19
CUSTOMER_0066,107.0,8,594.23,0.27
CUSTOMER_0067,12.0,7,1120.95,0.26
CUSTOMER_0068,20.0,1,102.2,0.52
CUSTOMER_0069,7.0,12,1455.31,0.53
CUSTOMER_0070,28.0,2,313.45,0.52
CUSTOMER_0071,10.0,16,2545.85,0.55
CUSTOMER_0072,7.0,3,326.0,0.35
CUSTOMER_0073,22.0,15,1115.26,0.17
CUSTOMER_0074,1.0,5,731.62,0.48
CUSTOMER_0075,1.0,13,1339.42,0.55
CUSTOMER_0076,7.0,6,412.82,0.44
CUSTOMER_0077,1.0,6,1033.44,0.44
CUSTOMER_0078,3.0,4,258.58,0.2
CUSTOMER_0079,12.0,4,196.23,0.45
CUSTOMER_0080,49.0,5,236.52,0.14
CUSTOMER_0081,25.0,8,1048.64,0.51
CUSTOMER_0082,22.0,2,266.57,0.21
CUSTOMER_0083,10.0,11,921.73,0.08
CUSTOMER_0084,81.0,5,435.99,0.59
CUSTOMER_0085,15.0,2,162.22,0.45
CUSTOMER_0086,3.0,2,275.23,0.37
CUSTOMER_0087,29.0,9,504.32,0.33
CUSTOMER_0088,4.0,5,817.37,0.21
CUSTOMER_0089,13.0,10,734.4,0.41
CUSTOMER_0090,21.0,9,1608.55,0.14
CUSTOMER_0091,62.0,9,605.77,0.1
CUSTOMER_0092,20.0,10,1506.39,0.51
CUSTOMER_0093,36.0,16,1199.1,0.44
CUSTOMER_0094,148.0,4,231.97,0.5
CUSTOMER_0095,4.0,11,1781.76,0.63
CUSTOMER_0096,10.0,9,1452.98,0.13
CUSTOMER_0097,15.0,3,314.0,0.36
CUSTOMER_0098,16.0,1,125.18,0.25
CUSTOMER_0099,16.0,8,977.26,0.4
CUSTOMER_0100,71.0,20,3204.03,0.21
CUSTOMER_0101,38.0,4,371.04,0.48
CUSTOMER_0102,28.0,1,111.67,0.44
CUSTOMER_0103,11.0,6,670.78,0.35
CUSTOMER_0104,52.0,10,926.96,0.04
CUSTOMER_0105,93.0,6,990.15,0.23
CUSTOMER_0106,52.0,3,207.36,0.61
CUSTOMER_0107,1.0,7,467.02,0.4
CUSTOMER_0108,30.0,4,466.54,0.52
CUSTOMER_0109,2.0,6,831.24,0.05
CUSTOMER_0110,9.0,6,390.45,0.04
CUSTOMER_0111,2.0,1,84.05,0.25
CUSTOMER_0112,28.0,8,1380.4,0.36
CUSTOMER_0113,35.0,15,1182.65,0.4
CUSTOMER_0114,4.0,8,1113.35,0.22
CUSTOMER_0115,15.0,2,252.67,0.27
CUSTOMER_0116,18.0,1,95.34,0.08
CUSTOMER_0117,14.0,14,2359.39,0.32
CUSTOMER_0118,4.0,3,433.98,0.12
CUSTOMER_0119,16.0,6,646.35,0.43
CUSTOMER_0120,42.0,2,275.54,0.27
CUSTOMER_0121,2.0,7,971.93,0.43
CUSTOMER_0122,3.0,15,1895.07,0.18
CUSTOMER_0123,13.0,6,993.42,0.3
CUSTOMER_0124,85.0,1,84.48,0.18
CUSTOMER_0125,33.0,2,142.79,0.15
CUSTOMER_0126,34.0,4,300.97,0.22
CUSTOMER_0127,13.0,4,170.56,0.15
CUSTOMER_0128,27.0,8,432.36,0.45
CUSTOMER_0129,1.0,1,159.22,0.27
CUSTOMER_0130,30.0,8,1116.57,0.22
CUSTOMER_0131,73.0,17,2271.32,0.29
CUSTOMER_0132,28.0,1,133.35,0.21
CUSTOMER_0133,62.0,7,1121.7,0.25
CUSTOMER_0134,39.0,12,1317.13,0.4
CUSTOMER_0135,4.0,11,1778.91,0.26
CUSTOMER_0136,70.0,7,662.52,0.24
CUSTOMER_0137,2.0,14,2362.95,0.47
CUSTOMER_0138,23.0,5,672.4,0.11
CUSTOMER_0139,5.0,15,1220.64,0.19
CUSTOMER_0140,1.0,9,1104.91,0.22
CUSTOMER_0141,16.0,8,936.99,0.57
CUSTOMER_0142,10.0,5,351.38,0.29
CUSTOMER_0143,20.0,9,1118.0,0.23
CUSTOMER_0144,26.0,5,463.93,0.08
CUSTOMER_0145,1.0,12,628.32,0.17
CUSTOMER_0146,4.0,11,1883.26,0.39
CUSTOMER_0147,25.0,20,2668.98,0.14
CUSTOMER_0148,13.0,12,1980.42,0.34
CUSTOMER_0149,39.0,8,1087.72,0.54
CUSTOMER_0150,32.0,7,666.89,0.24
CUSTOMER_0151,56.0,20,2276.18,0.19
CUSTOMER_0152,35.0,5,697.71,0.08
CUSTOMER_0153,17.0,9,1523.89,0.29
CUSTOMER_0154,34.0,1,58.85,0.35
CUSTOMER_0155,10.0,3,508.95,0.11
CUSTOMER_0156,11.0,18,3050.52,0.05
CUSTOMER_0157,47.0,15,2036.74,0.3
CUSTOMER_0158,18.0,6,997.39,0.22
CUSTOMER_0159,48.0,3,333.1,0.51
CUSTOMER_0160,52.0,4,718.44,0.09
CUSTOMER_0161,58.0,4,555.49,0.53
CUSTOMER_0162,75.0,2,93.25,0.3
CUSTOMER_0163,17.0,19,3201.72,0.27
CUSTOMER_0164,12.0,4,481.26,0.47
CUSTOMER_0165,26.0,2,233.36,0.5
CUSTOMER_0166,14.0,7,893.75,0.21
CUSTOMER_0167,28.0,1,46.72,0.36
CUSTOMER_0168,37.0,11,1175.32,0.25
CUSTOMER_0169,35.0,4,605.03,0.11
CUSTOMER_0170,14.0,9,432.65,0.33
CUSTOMER_0171,5.0,8,658.26,0.24
CUSTOMER_0172,17.0,6,268.95,0.16
CUSTOMER_0173,5.0,9,926.27,0.17
CUSTOMER_0174,66.0,1,167.97,0.39
CUSTOMER_0175,13.0,1,122.32,0.28
CUSTOMER_0176,5.0,4,678.46,0.21
CUSTOMER_0177,1.0,9,1160.74,0.22
CUSTOMER_0178,31.0,5,387.52,0.09
CUSTOMER_0179,30.0,13,2190.92,0.45
CUSTOMER_0180,12.0,2,319.71,0.26
CUSTOMER_0181,2.0,8,954.59,0.32
CUSTOMER_0182,16.0,10,1383.08,0.31
CUSTOMER_0183,11.0,3,515.92,0.56
CUSTOMER_0184,34.0,2,270.87,0.29
CUSTOMER_0185,28.0,1,110.39,0.17
CUSTOMER_0186,14.0,3,412.4,0.3
CUSTOMER_0187,7.0,17,885.61,0.04
CUSTOMER_0188,133.0,2,191.82,0.21
CUSTOMER_0189,18.0,6,612.55,0.37
CUSTOMER_0190,35.0,9,622.63,0.16
CUSTOMER_0191,5.0,9,420.5,0.55
CUSTOMER_0192,20.0,10,588.99,0.11
CUSTOMER_0193,1.0,4,540.71,0.39
CUSTOMER_0194,21.0,8,1227.92,0.2
CUSTOMER_0195,100.0,5,903.15,0.63
CUSTOMER_0196,15.0,5,454.26,0.29
CUSTOMER_0197,1.0,8,998.72,0.13
CUSTOMER_0198,1.0,4,726.23,0.46
CUSTOMER_0199,15.0,7,443.41,0.34
CUSTOMER_0200,5.0,10,1433.5,0.43
CUSTOMER_0201,1.0,8,1163.88,0.44
CUSTOMER_0202,42.0,6,335.35,0.18
CUSTOMER_0203,18.0,4,638.73,0.68
CUSTOMER_0204,10.0,1,138.7,0.51
CUSTOMER_0205,69.0,10,506.52,0.44
CUSTOMER_0206,4.0,19,1116.44,0.26
CUSTOMER_0207,94.0,5,267.56,0.1
CUSTOMER_0208,11.0,2,182.45,0.05
CUSTOMER_0209,66.0,4,435.29,0.09
CUSTOMER_0210,28.0,6,711.54,0.18
CUSTOMER_0211,53.0,4,367.67,0.22
CUSTOMER_0212,124.0,12,2009.17,0.19
CUSTOMER_0213,10.0,2,181.91,0.49
CUSTOMER_0214,97.0,7,346.82,0.37
CUSTOMER_0215,15.0,12,1016.58,0.56
CUSTOMER_0216,15.0,2,178.49,0.18
CUSTOMER_0217,12.0,2,208.32,0.36
CUSTOMER_0218,23.0,8,638.84,0.56
CUSTOMER_0219,5.0,2,93.25,0.56
CUSTOMER_0220,24.0,3,481.83,0.02
CUSTOMER_0221,23.0,7,1234.72,0.15
CUSTOMER_0222,43.0,20,1782.99,0.06
CUSTOMER_0223,54.0,5,511.92,0.3
CUSTOMER_0224,17.0,8,999.3,0.37
CUSTOMER_0225,11.0,1,111.34,0.2
CUSTOMER_0226,9.0,4,397.08,0.45
CUSTOMER_0227,6.0,5,858.82,0.23
CUSTOMER_0228,2.0,5,571.52,0.14
CUSTOMER_0229,13.0,13,1383.59,0.27
CUSTOMER_0230,9.0,6,805.42,0.06
CUSTOMER_0231,102.0,4,653.33,0.38
CUSTOMER_0232,24.0,3,472.76,0.59
CUSTOMER_0233,13.0,9,471.15,0.47
CUSTOMER_0234,26.0,3,263.35,0.4
CUSTOMER_0235,4.0,7,784.71,0.42
CUSTOMER_0236,18.0,5,460.03,0.24
CUSTOMER_0237,30.0,6,839.21,0.4
CUSTOMER_0238,20.0,12,1869.53,0.19
CUSTOMER_0239,15.0,7,986.66,0.22
CUSTOMER_0240,153.0,7,1249.17,0.37
CUSTOMER_0241,64.0,4,338.57,0.23
CUSTOMER_0242,29.0,12,1951.0,0.28
CUSTOMER_0243,25.0,5,698.52,0.19
CUSTOMER_0244,29.0,6,588.74,0.47
CUSTOMER_0245,7.0,16,2309.51,0.31
CUSTOMER_0246,15.0,6,346.71,0.48
CUSTOMER_0247,1.0,9,1381.18,0.11
CUSTOMER_0248,19.0,3,381.09,0.18
CUSTOMER_0249,23.0,16,1295.31,0.3
CUSTOMER_0250,8.0,15,2011.63,0.41
CUSTOMER_0251,100.0,8,1024.42,0.24
CUSTOMER_0252,72.0,3,229.82,0.6
CUSTOMER_0253,38.0,7,346.28,0.12
CUSTOMER_0254,23.0,6,633.95,0.3
CUSTOMER_0255,61.0,1,111.9,0.54
CUSTOMER_0256,4.0,4,615.9,0.61
CUSTOMER_0257,47.0,2,331.61,0.23
CUSTOMER_0258,4.0,5,590.08,0.08
CUSTOMER_0259,47.0,13,1928.23,0.27
CUSTOMER_0260,10.0,10,1019.62,0.1
CUSTOMER_0261,63.0,8,1186.31,0.26
CUSTOMER_0262,86.0,16,1149.41,0.29
CUSTOMER_0263,5.0,3,292.53,0.16
CUSTOMER_0264,19.0,8,1034.77,0.34
CUSTOMER_0265,119.0,5,240.9,0.36
CUSTOMER_0266,20.0,16,2298.35,0.33
CUSTOMER_0267,60.0,3,448.85,0.36
CUSTOMER_0268,27.0,4,381.94,0.26
CUSTOMER_0269,14.0,6,636.53,0.25
CUSTOMER_0270,10.0,7,1167.49,0.23
CUSTOMER_0271,7.0,9,1330.16,0.28
CUSTOMER_0272,43.0,10,879.8,0.13
CUSTOMER_0273,15.0,13,1193.67,0.38
CUSTOMER_0274,21.0,1,134.7,0.3
CUSTOMER_0275,20.0,3,357.13,0.19
CUSTOMER_0276,26.0,1,53.06,0.14
CUSTOMER_0277,60.0,17,1474.93,0.07
CUSTOMER_0278,118.0,12,1969.84,0.25
CUSTOMER_0279,16.0,11,1515.41,0.22
CUSTOMER_0280,53.0,5,920.47,0.54
CUSTOMER_0281,43.0,7,1027.61,0.14
CUSTOMER_0282,26.0,16,2749.85,0.18
CUSTOMER_0283,94.0,6,411.09,0.06
CUSTOMER_0284,7.0,2,305.78,0.33
CUSTOMER_0285,3.0,1,53.02,0.19
CUSTOMER_0286,58.0,14,1899.01,0.34
CUSTOMER_0287,17.0,20,2162.73,0.25
CUSTOMER_0288,56.0,8,728.65,0.39
CUSTOMER_0289,67.0,5,817.16,0.44
CUSTOMER_0290,2.0,3,480.4,0.17
CUSTOMER_0291,64.0,6,294.36,0.29
CUSTOMER_0292,18.0,9,1149.85,0.16
CUSTOMER_0293,21.0,12,1158.36,0.57
CUSTOMER_0294,30.0,5,519.11,0.33
CUSTOMER_0295,78.0,1,161.18,0.16
CUSTOMER_0296,1.0,9,811.82,0.26
CUSTOMER_0297,19.0,7,1214.59,0.2
CUSTOMER_0298,35.0,5,372.35,0.53
CUSTOMER_0299,38.0,7,953.41,0.09
CUSTOMER_0300,35.0,2,234.63,0.32
CUSTOMER_0301,4.0,3,263.24,0.37
CUSTOMER_0302,11.0,4,358.07,0.46
CUSTOMER_0303,13.0,3,472.05,0.06
CUSTOMER_0304,49.0,3,449.16,0.44
CUSTOMER_0305,10.0,5,440.24,0.26
CUSTOMER_0306,7.0,6,707.05,0.09
CUSTOMER_0307,95.0,9,468.1,0.18
CUSTOMER_0308,1.0,7,537.75,0.29
CUSTOMER_0309,180.0,12,1324.76,0.36
CUSTOMER_0310,34.0,6,331.99,0.28
CUSTOMER_0311,53.0,3,458.05,0.38
CUSTOMER_0312,10.0,8,1140.82,0.32
CUSTOMER_0313,1.0,3,520.91,0.55
CUSTOMER_0314,40.0,5,700.86,0.27
CUSTOMER_0315,54.0,4,667.27,0.52
CUSTOMER_0316,40.0,2,207.69,0.14
CUSTOMER_0317,5.0,7,894.72,0.19
CUSTOMER_0318,42.0,11,1975.49,0.19
CUSTOMER_0319,44.0,5,637.91,0.51
CUSTOMER_0320,32.0,16,818.29,0.1
CUSTOMER_0321,44.0,9,1290.1,0.26
CUSTOMER_0322,56.0,1,167.1,0.01
CUSTOMER_0323,29.0,10,1516.08,0.26
CUSTOMER_0324,3.0,9,1086.67,0.17
CUSTOMER_0325,20.0,4,562.26,0.04
CUSTOMER_0326,2.0,8,1413.9,0.36
CUSTOMER_0327,16.0,15,842.99,0.41
CUSTOMER_0328,16.0,7,965.38,0.32
CUSTOMER_0329,2.0,5,378.63,0.09
CUSTOMER_0330,13.0,6,758.0,0.39
CUSTOMER_0331,4.0,7,888.84,0.33
CUSTOMER_0332,50.0,9,597.32,0.19
CUSTOMER_0333,89.0,9,665.89,0.48
CUSTOMER_0334,2.0,2,251.8,0.19
CUSTOMER_0335,93.0,8,549.1,0.2
CUSTOMER_0336,22.0,6,480.24,0.32
CUSTOMER_0337,11.0,5,784.18,0.35
CUSTOMER_0338,2.0,16,1410.58,0.28
CUSTOMER_0339,21.0,12,1333.14,0.46
CUSTOMER_0340,47.0,5,872.57,0.06
CUSTOMER_0341,37.0,4,326.73,0.67
CUSTOMER_0342,2.0,5,458.21,0.68
CUSTOMER_0343,2.0,5,629.44,0.36
CUSTOMER_0344,15.0,9,1331.67,0.33
CUSTOMER_0345,10.0,9,1512.25,0.21
CUSTOMER_0346,8.0,5,843.08,0.12
CUSTOMER_0347,10.0,9,1359.47,0.44
CUSTOMER_0348,49.0,9,666.24,0.15
CUSTOMER_0349,79.0,8,417.95,0.14
CUSTOMER_0350,16.0,3,310.28,0.66
CUSTOMER_0351,71.0,6,357.76,0.1
CUSTOMER_0352,12.0,11,1528.42,0.15
CUSTOMER_0353,19.0,6,784.58,0.31
CUSTOMER_0354,8.0,7,370.11,0.23
CUSTOMER_0355,31.0,12,1869.59,0.44
CUSTOMER_0356,116.0,15,1172.08,0.21
CUSTOMER_0357,28.0,7,732.55,0.18
CUSTOMER_0358,13.0,3,404.19,0.04
CUSTOMER_0359,31.0,7,725.98,0.39
CUSTOMER_0360,4.0,2,187.83,0.57
CUSTOMER_0361,66.0,8,442.78,0.36
CUSTOMER_0362,21.0,8,781.29,0.45
CUSTOMER_0363,18.0,9,1327.8,0.04
CUSTOMER_0364,26.0,3,510.4,0.3
CUSTOMER_0365,29.0,1,102.88,0.17
CUSTOMER_0366,2.0,4,409.22,0.54
CUSTOMER_0367,34.0,10,1383.53,0.81
CUSTOMER_0368,8.0,3,510.83,0.1
CUSTOMER_0369,38.0,5,405.31,0.28
CUSTOMER_0370,52.0,6,599.02,0.51
CUSTOMER_0371,49.0,7,1057.94,0.03
CUSTOMER_0372,24.0,9,1153.53,0.12
CUSTOMER_0373,22.0,6,334.03,0.55
CUSTOMER_0374,5.0,4,542.11,0.57
CUSTOMER_0375,45.0,6,446.66,0.08
CUSTOMER_0376,9.0,11,1227.77,0.34
CUSTOMER_0377,21.0,15,1773.59,0.23
CUSTOMER_0378,10.0,1,160.42,0.16
CUSTOMER_0379,4.0,4,438.12,0.43
CUSTOMER_0380,30.0,9,734.59,0.11
CUSTOMER_0381,2.0,2,170.82,0.1
CUSTOMER_0382,41.0,1,171.15,0.26
CUSTOMER_0383,11.0,7,460.32,0.33
CUSTOMER_0384,1.0,7,694.14,0.52
CUSTOMER_0385,21.0,3,181.6,0.15
CUSTOMER_0386,1.0,6,900.14,0.16
CUSTOMER_0387,10.0,10,1101.85,0.21
CUSTOMER_0388,37.0,2,197.83,0.2
CUSTOMER_0389,2.0,13,1216.37,0.38
CUSTOMER_0390,55.0,2,296.96,0.31
CUSTOMER_0391,1.0,6,704.92,0.08
CUSTOMER_0392,9.0,4,590.7,0.31
CUSTOMER_0393,41.0,4,654.71,0.1
CUSTOMER_0394,11.0,9,1503.48,0.43
CUSTOMER_0395,3.0,8,693.28,0.04
CUSTOMER_0396,13.0,3,527.47,0.53
CUSTOMER_0397,9.0,4,184.28,0.1
CUSTOMER_0398,55.0,2,212.68,0.34
CUSTOMER_0399,11.0,13,2172.6,0.39
CUSTOMER_0400,47.0,16,1303.3,0.11
CUSTOMER_0401,67.0,5,406.8,0.4
CUSTOMER_0402,17.0,8,675.81,0.39
CUSTOMER_0403,72.0,1,99.27,0.14
CUSTOMER_0404,14.0,8,816.25,0.49
CUSTOMER_0405,100.0,9,1291.95,0.24
CUSTOMER_0406,3.0,7,1167.2,0.07
CUSTOMER_0407,35.0,12,1635.17,0.18
CUSTOMER_0408,20.0,3,211.77,0.22
CUSTOMER_0409,15.0,3,531.4,0.13
CUSTOMER_0410,30.0,1,81.98,0.08
CUSTOMER_0411,37.0,1,79.3,0.19
CUSTOMER_0412,1.0,4,193.11,0.36
CUSTOMER_0413,5.0,6,647.89,0.37
CUSTOMER_0414,37.0,6,367.82,0.13
CUSTOMER_0415,33.0,5,290.18,0.1
CUSTOMER_0416,101.0,11,936.3,0.2
CUSTOMER_0417,43.0,7,575.12,0.27
CUSTOMER_0418,90.0,20,2563.19,0.08
CUSTOMER_0419,36.0,3,473.78,0.21
CUSTOMER_0420,11.0,3,446.66,0.24
CUSTOMER_0421,3.0,6,499.35,0.29
CUSTOMER_0422,46.0,7,554.19,0.24
CUSTOMER_0423,31.0,6,1043.14,0.6
CUSTOMER_0424,1.0,6,298.1,0.42
CUSTOMER_0425,13.0,4,632.85,0.73
CUSTOMER_0426,94.0,10,726.1,0.1
CUSTOMER_0427,21.0,19,3253.83,0.07
CUSTOMER_0428,17.0,1,95.29,0.27
CUSTOMER_0429,18.0,20,2092.81,0.12
CUSTOMER_0430,7.0,8,1157.22,0.33
CUSTOMER_0431,14.0,4,466.04,0.18
CUSTOMER_0432,14.0,6,515.51,0.08
CUSTOMER_0433,2.0,1,136.22,0.36
CUSTOMER_0434,44.0,1,150.35,0.62
CUSTOMER_0435,16.0,14,713.62,0.24
CUSTOMER_0436,52.0,1,27.39,0.23
CUSTOMER_0437,57.0,2,201.86,0.33
CUSTOMER_0438,7.0,2,150.5,0.34
CUSTOMER_0439,32.0,12,1615.21,0.55
CUSTOMER_0440,19.0,6,450.89,0.24
CUSTOMER_0441,64.0,2,204.57,0.62
CUSTOMER_0442,7.0,7,478.14,0.43
CUSTOMER_0443,34.0,13,1566.26,0.1
CUSTOMER_0444,28.0,1,70.73,0.16
CUSTOMER_0445,10.0,1,94.23,0.17
CUSTOMER_0446,4.0,9,446.81,0.71
CUSTOMER_0447,32.0,8,1407.05,0.18
CUSTOMER_0448,40.0,6,359.02,0.47
CUSTOMER_0449,11.0,7,987.66,0.1
CUSTOMER_0450,31.0,5,290.38,0.29
CUSTOMER_0451,15.0,1,20.0,0.2
CUSTOMER_0452,37.0,6,678.09,0.58
CUSTOMER_0453,7.0,15,1605.1,0.1
CUSTOMER_0454,66.0,5,853.28,0.11
CUSTOMER_0455,10.0,1,180.26,0.11
CUSTOMER_0456,14.0,3,473.16,0.15
CUSTOMER_0457,2.0,4,502.47,0.21
CUSTOMER_0458,4.0,2,216.95,0.32
CUSTOMER_0459,22.0,4,374.62,0.38
CUSTOMER_0460,9.0,5,864.32,0.15
CUSTOMER_0461,54.0,8,989.35,0.25
CUSTOMER_0462,1.0,12,1500.27,0.58
CUSTOMER_0463,14.0,10,768.97,0.56
CUSTOMER_0464,12.0,1,59.2,0.07
CUSTOMER_0465,1.0,4,674.27,0.09
CUSTOMER_0466,4.0,1,78.17,0.12
CUSTOMER_0467,16.0,1,101.23,0.32
CUSTOMER_0468,20.0,10,574.08,0.23
CUSTOMER_0469,16.0,2,282.21,0.13
CUSTOMER_0470,23.0,10,475.29,0.29
CUSTOMER_0471,27.0,7,1113.57,0.57
CUSTOMER_0472,1.0,7,434.51,0.07
CUSTOMER_0473,19.0,8,1297.11,0.26
CUSTOMER_0474,99.0,8,1131.86,0.18
CUSTOMER_0475,22.0,4,259.82,0.45
CUSTOMER_0476,34.0,4,478.46,0.08
CUSTOMER_0477,11.0,13,1177.02,0.2
CUSTOMER_0478,45.0,4,297.34,0.47
CUSTOMER_0479,44.0,16,2596.33,0.19
CUSTOMER_0480,22.0,5,520.75,0.29
CUSTOMER_0481,112.0,2,177.63,0.07
CUSTOMER_0482,4.0,7,451.1,0.24
CUSTOMER_0483,1.0,9,848.29,0.3
CUSTOMER_0484,44.0,5,840.03,0.38
CUSTOMER_0485,49.0,8,741.24,0.1
CUSTOMER_0486,4.0,1,148.44,0.25
CUSTOMER_0487,9.0,2,336.88,0.32
CUSTOMER_0488,1.0,6,382.6,0.25
CUSTOMER_0489,10.0,7,487.93,0.19
CUSTOMER_0490,45.0,17,2749.86,0.11
CUSTOMER_0491,22.0,1,81.46,0.28
CUSTOMER_0492,13.0,7,332.85,0.32
CUSTOMER_0493,14.0,6,479.05,0.41
CUSTOMER_0494,1.0,12,1505.03,0.13
CUSTOMER_0495,11.0,1,166.64,0.41
CUSTOMER_0496,31.0,15,932.28,0.07
CUSTOMER_0497,110.0,3,168.38,0.11
CUSTOMER_0498,56.0,1,181.32,0.42
CUSTOMER_0499,1.0,1,129.25,0.24
CUSTOMER_0500,69.0,14,1736.99,0.37
CUSTOMER_0501,46.0,7,1053.0,0.54
CUSTOMER_0502,45.0,1,143.98,0.41
CUSTOMER_0503,18.0,9,1338.63,0.14
CUSTOMER_0504,15.0,3,295.03,0.26
CUSTOMER_0505,11.0,13,1024.0,0.72
CUSTOMER_0506,2.0,6,839.04,0.12
CUSTOMER_0507,8.0,12,1222.18,0.46
CUSTOMER_0508,8.0,6,1064.32,0.26
CUSTOMER_0509,20.0,1,98.61,0.67
CUSTOMER_0510,41.0,7,1188.36,0.26
CUSTOMER_0511,19.0,4,691.39,0.24
CUSTOMER_0512,2.0,3,226.72,0.31
CUSTOMER_0513,95.0,6,917.73,0.49
CUSTOMER_0514,86.0,12,1217.02,0.25
CUSTOMER_0515,46.0,3,500.2,0.21
CUSTOMER_0516,142.0,2,239.35,0.5
CUSTOMER_0517,24.0,5,733.78,0.22
CUSTOMER_0518,99.0,11,1188.03,0.36
CUSTOMER_0519,2.0,4,340.93,0.13
CUSTOMER_0520,14.0,10,691.91,0.16
CUSTOMER_0521,8.0,8,797.28,0.38
CUSTOMER_0522,7.0,11,1651.16,0.14
CUSTOMER_0523,5.0,4,507.66,0.1
CUSTOMER_0524,29.0,9,1236.83,0.31
CUSTOMER_0525,46.0,7,557.81,0.7
CUSTOMER_0526,26.0,4,448.93,0.17
CUSTOMER_0527,5.0,8,418.84,0.33
CUSTOMER_0528,50.0,9,1376.41,0.38
CUSTOMER_0529,30.0,5,890.37,0.16
CUSTOMER_0530,15.0,6,592.86,0.12
CUSTOMER_0531,34.0,8,376.96,0.16
CUSTOMER_0532,9.0,6,385.15,0.21
CUSTOMER_0533,13.0,1,158.13,0.39
CUSTOMER_0534,75.0,4,528.84,0.12
CUSTOMER_0535,10.0,2,295.46,0.54
CUSTOMER_0536,19.0,6,471.32,0.23
CUSTOMER_0537,66.0,7,1033.9,0.25
CUSTOMER_0538,37.0,2,260.19,0.26
CUSTOMER_0539,2.0,4,345.45,0.27
CUSTOMER_0540,5.0,9,1062.36,0.37
CUSTOMER_0541,1.0,3,226.9,0.27
CUSTOMER_0542,30.0,1,125.03,0.47
CUSTOMER_0543,18.0,20,3297.93,0.32
CUSTOMER_0544,4.0,6,618.56,0.22
CUSTOMER_0545,95.0,4,611.02,0.28
CUSTOMER_0546,23.0,3,373.22,0.18
CUSTOMER_0547,8.0,10,728.44,0.29
CUSTOMER_0548,21.0,6,715.53,0.12
CUSTOMER_0549,34.0,7,805.89,0.3
CUSTOMER_0550,2.0,1,145.27,0.19
CUSTOMER_0551,10.0,10,632.74,0.35
CUSTOMER_0552,49.0,5,534.56,0.17
CUSTOMER_0553,18.0,14,771.89,0.4
CUSTOMER_0554,24.0,3,194.36,0.6
CUSTOMER_0555,17.0,5,491.39,0.31
CUSTOMER_0556,1.0,6,533.28,0.33
CUSTOMER_0557,5.0,4,692.88,0.14
CUSTOMER_0558,18.0,2,197.24,0.26
CUSTOMER_0559,7.0,5,762.87,0.19
CUSTOMER_0560,2.0,8,921.89,0.36
CUSTOMER_0561,56.0,4,556.47,0.25
CUSTOMER_0562,119.0,16,1283.76,0.56
CUSTOMER_0563,47.0,14,2389.61,0.55
CUSTOMER_0564,58.0,20,2335.78,0.31
CUSTOMER_0565,8.0,7,1066.22,0.02
CUSTOMER_0566,97.0,4,398.06,0.32
CUSTOMER_0567,7.0,5,293.58,0.25
CUSTOMER_0568,91.0,9,1213.14,0.17
CUSTOMER_0569,158.0,6,259.6,0.48
CUSTOMER_0570,37.0,14,1523.61,0.07
CUSTOMER_0571,119.0,10,724.05,0.27
CUSTOMER_0572,25.0,16,2086.09,0.25
CUSTOMER_0573,9.0,5,872.0,0.06
CUSTOMER_0574,17.0,12,1275.41,0.33
CUSTOMER_0575,27.0,5,789.95,0.24
CUSTOMER_0576,2.0,8,893.96,0.38
CUSTOMER_0577,29.0,1,113.14,0.07
CUSTOMER_0578,119.0,20,3414.62,0.32
CUSTOMER_0579,6.0,7,1162.26,0.41
CUSTOMER_0580,47.0,3,470.41,0.43
CUSTOMER_0581,72.0,7,569.7,0.05
CUSTOMER_0582,86.0,11,1266.11,0.14
CUSTOMER_0583,97.0,5,364.78,0.19
CUSTOMER_0584,22.0,7,770.53,0.41
CUSTOMER_0585,114.0,7,813.02,0.3
CUSTOMER_0586,42.0,6,980.25,0.21
CUSTOMER_0587,5.0,4,660.0,0.58
CUSTOMER_0588,19.0,7,671.17,0.09
CUSTOMER_0589,38.0,8,332.26,0.2
CUSTOMER_0590,9.0,7,1117.1,0.36
CUSTOMER_0591,31.0,12,818.37,0.33
CUSTOMER_0592,33.0,4,541.83,0.36
CUSTOMER_0593,5.0,4,210.84,0.23
CUSTOMER_0594,25.0,3,301.35,0.31
CUSTOMER_0595,44.0,5,872.73,0.06
CUSTOMER_0596,21.0,8,449.53,0.16
CUSTOMER_0597,1.0,6,618.27,0.18
CUSTOMER_0598,1.0,3,273.34,0.32
CUSTOMER_0599,13.0,12,2014.08,0.12
CUSTOMER_0600,78.0,1,141.67,0.38
CUSTOMER_0601,8.0,9,706.82,0.22
CUSTOMER_0602,30.0,2,120.44,0.34
CUSTOMER_0603,8.0,4,497.24,0.16
CUSTOMER_0604,12.0,12,1069.23,0.24
CUSTOMER_0605,57.0,1,149.5,0.23
CUSTOMER_0606,39.0,3,143.32,0.22
CUSTOMER_0607,3.0,10,661.87,0.55
CUSTOMER_0608,17.0,10,1386.63,0.35
CUSTOMER_0609,1.0,1,63.94,0.27
CUSTOMER_0610,20.0,17,2732.96,0.27
CUSTOMER_0611,33.0,2,107.09,0.21
CUSTOMER_0612,4.0,3,207.7,0.38
CUSTOMER_0613,10.0,4,700.97,0.11
CUSTOMER_0614,15.0,1,117.49,0.52
CUSTOMER_0615,76.0,1,156.81,0.17
CUSTOMER_0616,150.0,18,1265.95,0.15
CUSTOMER_0617,1.0,8,1048.96,0.45
CUSTOMER_0618,43.0,14,1991.51,0.06
CUSTOMER_0619,14.0,8,733.12,0.58
CUSTOMER_0620,15.0,1,138.88,0.21
CUSTOMER_0621,42.0,5,612.05,0.47
CUSTOMER_0622,75.0,11,1037.65,0.36
CUSTOMER_0623,90.0,4,472.21,0.29
CUSTOMER_0624,26.0,7,849.96,0.5
CUSTOMER_0625,13.0,13,886.03,0.2
CUSTOMER_0626,46.0,7,700.46,0.4
CUSTOMER_0627,9.0,9,798.41,0.33
CUSTOMER_0628,25.0,4,388.63,0.27
CUSTOMER_0629,13.0,4,583.57,0.2
CUSTOMER_0630,32.0,12,1286.19,0.04
CUSTOMER_0631,8.0,7,1183.98,0.25
CUSTOMER_0632,6.0,6,492.46,0.41
CUSTOMER_0633,75.0,6,635.39,0.23
CUSTOMER_0634,3.0,16,2423.66,0.31
CUSTOMER_0635,21.0,14,1675.23,0.12
CUSTOMER_0636,7.0,9,1039.67,0.05
CUSTOMER_0637,1.0,8,441.49,0.21
CUSTOMER_0638,1.0,1,124.83,0.41
CUSTOMER_0639,6.0,9,693.97,0.29
CUSTOMER_0640,60.0,9,1605.09,0.14
CUSTOMER_0641,10.0,7,616.31,0.07
CUSTOMER_0642,90.0,6,999.33,0.48
CUSTOMER_0643,26.0,1,122.72,0.26
CUSTOMER_0644,17.0,5,449.01,0.29
CUSTOMER_0645,26.0,6,698.32,0.39
CUSTOMER_0646,22.0,6,953.04,0.02
CUSTOMER_0647,43.0,3,516.71,0.19
CUSTOMER_0648,10.0,1,51.23,0.11
CUSTOMER_0649,13.0,3,292.54,0.11
CUSTOMER_0650,67.0,5,435.64,0.2
CUSTOMER_0651,88.0,7,337.78,0.26
CUSTOMER_0652,67.0,9,1148.23,0.4
CUSTOMER_0653,16.0,5,820.44,0.41
CUSTOMER_0654,45.0,7,692.62,0.15
CUSTOMER_0655,19.0,1,118.59,0.33
CUSTOMER_0656,21.0,5,639.38,0.19
CUSTOMER_0657,7.0,5,495.02,0.42
CUSTOMER_0658,27.0,4,257.0,0.4
CUSTOMER_0659,6.0,1,119.28,0.11
CUSTOMER_0660,12.0,1,169.53,0.29
CUSTOMER_0661,58.0,7,948.84,0.11
CUSTOMER_0662,7.0,4,225.54,0.27
CUSTOMER_0663,2.0,10,772.81,0.78
CUSTOMER_0664,2.0,1,66.46,0.17
CUSTOMER_0665,85.0,3,393.23,0.28
CUSTOMER_0666,21.0,4,589.79,0.27
CUSTOMER_0667,16.0,19,1153.94,0.19
CUSTOMER_0668,50.0,2,345.91,0.38
CUSTOMER_0669,54.0,14,1684.82,0.71
CUSTOMER_0670,12.0,5,685.63,0.22
CUSTOMER_0671,35.0,20,3488.69,0.19
CUSTOMER_0672,44.0,6,336.12,0.53
CUSTOMER_0673,32.0,4,683.13,0.26
CUSTOMER_0674,5.0,4,267.01,0.3
CUSTOMER_0675,63.0,6,598.38,0.1
CUSTOMER_0676,23.0,2,309.06,0.19
CUSTOMER_0677,10.0,17,2805.32,0.07
CUSTOMER_0678,17.0,19,2143.94,0.19
CUSTOMER_0679,1.0,2,244.32,0.18
CUSTOMER_0680,4.0,8,1118.54,0.27
CUSTOMER_0681,44.0,5,799.48,0.43
CUSTOMER_0682,1.0,1,101.12,0.34
CUSTOMER_0683,16.0,20,3089.66,0.05
CUSTOMER_0684,22.0,9,985.42,0.14
CUSTOMER_0685,2.0,7,735.65,0.18
CUSTOMER_0686,108.0,5,513.62,0.25
CUSTOMER_0687,8.0,2,210.92,0.05
CUSTOMER_0688,11.0,1,174.99,0.46
CUSTOMER_0689,11.0,5,604.05,0.16
CUSTOMER_0690,8.0,3,525.23,0.15
CUSTOMER_0691,1.0,5,355.85,0.3
CUSTOMER_0692,39.0,9,1293.5,0.07
CUSTOMER_0693,102.0,20,3057.61,0.09
CUSTOMER_0694,8.0,1,149.42,0.28
CUSTOMER_0695,33.0,1,113.51,0.27
CUSTOMER_0696,41.0,4,463.08,0.43
CUSTOMER_0697,57.0,7,1106.49,0.07
CUSTOMER_0698,16.0,6,944.2,0.52
CUSTOMER_0699,11.0,5,303.09,0.26
CUSTOMER_0700,12.0,12,1881.07,0.19
CUSTOMER_0701,37.0,7,715.86,0.23
CUSTOMER_0702,51.0,11,842.95,0.57
CUSTOMER_0703,6.0,11,1789.4,0.25
CUSTOMER_0704,14.0,1,108.09,0.35
CUSTOMER_0705,70.0,16,2483.78,0.1
CUSTOMER_0706,49.0,1,116.19,0.18
CUSTOMER_0707,126.0,3,109.3,0.41
CUSTOMER_0708,42.0,7,782.16,0.15
CUSTOMER_0709,15.0,2,111.53,0.42
CUSTOMER_0710,27.0,9,1330.24,0.21
CUSTOMER_0711,32.0,10,827.01,0.61
CUSTOMER_0712,2.0,13,1356.55,0.57
CUSTOMER_0713,24.0,4,218.18,0.37
CUSTOMER_0714,37.0,3,228.77,0.1
CUSTOMER_0715,5.0,3,471.26,0.05
CUSTOMER_0716,46.0,1,74.65,0.09
CUSTOMER_0717,26.0,1,150.72,0.15
CUSTOMER_0718,91.0,1,162.64,0.45
CUSTOMER_0719,1.0,17,2312.09,0.13
CUSTOMER_0720,9.0,4,596.39,0.32
CUSTOMER_0721,28.0,4,246.02,0.21
CUSTOMER_0722,11.0,2,136.9,0.33
CUSTOMER_0723,38.0,4,700.02,0.24
CUSTOMER_0724,43.0,3,398.46,0.19
CUSTOMER_0725,3.0,9,1187.53,0.06
CUSTOMER_0726,22.0,8,1108.21,0.22
CUSTOMER_0727,21.0,11,1122.07,0.3
CUSTOMER_0728,14.0,10,513.66,0.22
CUSTOMER_0729,81.0,4,584.23,0.1
CUSTOMER_0730,53.0,5,655.5,0.17
CUSTOMER_0731,36.0,4,450.72,0.55
CUSTOMER_0732,38.0,6,1028.93,0.29
CUSTOMER_0733,19.0,1,81.6,0.23
CUSTOMER_0734,76.0,6,485.62,0.11
CUSTOMER_0735,36.0,18,2881.73,0.39
CUSTOMER_0736,39.0,6,895.94,0.41
CUSTOMER_0737,59.0,5,570.34,0.47
CUSTOMER_0738,10.0,2,157.28,0.25
CUSTOMER_0739,49.0,19,1420.12,0.64
CUSTOMER_0740,7.0,5,674.06,0.4
CUSTOMER_0741,13.0,8,767.84,0.19
CUSTOMER_0742,12.0,10,1567.58,0.14
CUSTOMER_0743,115.0,4,721.09,0.21
CUSTOMER_0744,58.0,6,926.58,0.24
CUSTOMER_0745,36.0,2,149.89,0.16
CUSTOMER_0746,39.0,17,2561.56,0.46
CUSTOMER_0747,25.0,18,1646.84,0.14
CUSTOMER_0748,88.0,11,732.22,0.29
CUSTOMER_0749,21.0,2,110.27,0.43
CUSTOMER_0750,14.0,7,677.35,0.22
CUSTOMER_0751,5.0,2,332.42,0.27
CUSTOMER_0752,46.0,4,335.32,0.5
CUSTOMER_0753,40.0,2,131.83,0.06
CUSTOMER_0754,15.0,4,740.99,0.15
CUSTOMER_0755,1.0,10,470.33,0.45
CUSTOMER_0756,55.0,6,908.27,0.03
CUSTOMER_0757,1.0,4,347.92,0.42
CUSTOMER_0758,36.0,7,352.89,0.7
CUSTOMER_0759,105.0,6,1022.31,0.05
CUSTOMER_0760,17.0,4,264.08,0.14
CUSTOMER_0761,8.0,7,821.37,0.48
CUSTOMER_0762,37.0,7,551.52,0.17
CUSTOMER_0763,51.0,2,157.67,0.2
CUSTOMER_0764,24.0,3,145.54,0.37
CUSTOMER_0765,102.0,13,801.79,0.24
CUSTOMER_0766,2.0,3,131.75,0.15
CUSTOMER_0767,21.0,7,1028.14,0.21
CUSTOMER_0768,38.0,1,108.01,0.08
CUSTOMER_0769,60.0,5,465.91,0.05
CUSTOMER_0770,6.0,8,757.39,0.29
CUSTOMER_0771,48.0,1,173.73,0.19
CUSTOMER_0772,24.0,5,816.76,0.06
CUSTOMER_0773,15.0,11,1564.27,0.15
CUSTOMER_0774,4.0,5,801.43,0.12
CUSTOMER_0775,60.0,11,952.57,0.43
CUSTOMER_0776,5.0,4,380.33,0.09
CUSTOMER_0777,11.0,12,1513.17,0.4
CUSTOMER_0778,10.0,10,1282.38,0.2
CUSTOMER_0779,62.0,4,416.25,0.24
CUSTOMER_0780,34.0,6,557.87,0.32
CUSTOMER_0781,48.0,18,3226.78,0.18
CUSTOMER_0782,9.0,6,909.19,0.55
CUSTOMER_0783,29.0,1,100.15,0.2
CUSTOMER_0784,25.0,5,730.98,0.26
CUSTOMER_0785,54.0,20,1615.52,0.1
CUSTOMER_0786,71.0,4,217.59,0.35
CUSTOMER_0787,1.0,17,1578.35,0.06
CUSTOMER_0788,34.0,3,320.56,0.23
CUSTOMER_0789,2.0,6,260.01,0.2
CUSTOMER_0790,24.0,11,1701.96,0.19
CUSTOMER_0791,10.0,16,1461.21,0.32
CUSTOMER_0792,11.0,10,1225.7,0.44
CUSTOMER_0793,13.0,1,55.67,0.01
CUSTOMER_0794,29.0,9,600.53,0.29
CUSTOMER_0795,12.0,3,486.19,0.38
CUSTOMER_0796,40.0,2,226.18,0.11
CUSTOMER_0797,16.0,3,521.41,0.26
CUSTOMER_0798,2.0,2,380.78,0.17
CUSTOMER_0799,46.0,3,263.66,0.46
CUSTOMER_0800,10.0,7,584.92,0.17
CUSTOMER_0801,17.0,10,1618.83,0.31
CUSTOMER_0802,35.0,5,923.3,0.27
CUSTOMER_0803,12.0,1,100.14,0.31
CUSTOMER_0804,2.0,2,301.31,0.34
CUSTOMER_0805,14.0,16,2414.23,0.27
CUSTOMER_0806,87.0,10,927.67,0.32
CUSTOMER_0807,31.0,8,930.68,0.41
CUSTOMER_0808,33.0,10,1584.65,0.33
CUSTOMER_0809,30.0,19,2650.4,0.45
CUSTOMER_0810,7.0,7,337.33,0.08
CUSTOMER_0811,16.0,17,1517.12,0.33
CUSTOMER_0812,42.0,9,570.28,0.15
CUSTOMER_0813,3.0,5,417.65,0.41
CUSTOMER_0814,10.0,4,687.16,0.12
CUSTOMER_0815,10.0,1,62.78,0.48
CUSTOMER_0816,17.0,2,156.47,0.28
CUSTOMER_0817,118.0,7,594.32,0.49
CUSTOMER_0818,2.0,2,252.55,0.55
CUSTOMER_0819,22.0,10,1169.48,0.24
CUSTOMER_0820,6.0,2,159.92,0.23
CUSTOMER_0821,106.0,1,97.35,0.32
CUSTOMER_0822,4.0,3,253.27,0.26
CUSTOMER_0823,16.0,2,197.3,0.27
CUSTOMER_0824,40.0,7,575.74,0.42
CUSTOMER_0825,37.0,12,2089.85,0.43
CUSTOMER_0826,16.0,5,550.49,0.1
CUSTOMER_0827,13.0,3,146.23,0.47
CUSTOMER_0828,15.0,4,632.09,0.03
CUSTOMER_0829,9.0,5,421.43,0.16
CUSTOMER_0830,7.0,2,244.78,0.32
CUSTOMER_0831,20.0,11,914.87,0.12
CUSTOMER_0832,9.0,10,1262.84,0.3
CUSTOMER_0833,10.0,2,281.76,0.43
CUSTOMER_0834,32.0,1,164.96,0.47
CUSTOMER_0835,104.0,1,101.8,0.26
CUSTOMER_0836,28.0,12,1082.11,0.28
CUSTOMER_0837,2.0,7,747.04,0.57
CUSTOMER_0838,2.0,4,691.99,0.13
CUSTOMER_0839,91.0,4,672.2,0.29
CUSTOMER_0840,11.0,1,77.74,0.17
CUSTOMER_0841,3.0,2,151.45,0.34
CUSTOMER_0842,27.0,1,118.03,0.69
CUSTOMER_0843,29.0,5,302.8,0.18
CUSTOMER_0844,31.0,10,920.82,0.37
CUSTOMER_0845,9.0,5,334.94,0.32
CUSTOMER_0846,1.0,2,262.83,0.16
CUSTOMER_0847,101.0,3,519.53,0.58
CUSTOMER_0848,9.0,7,1280.85,0.34
CUSTOMER_0849,34.0,1,125.98,0.2
CUSTOMER_0850,37.0,7,850.92,0.25
CUSTOMER_0851,28.0,1,160.8,0.1
CUSTOMER_0852,11.0,9,533.94,0.38
CUSTOMER_0853,9.0,1,131.87,0.38
CUSTOMER_0854,27.0,10,1009.99,0.31
CUSTOMER_0855,60.0,7,523.2,0.27
CUSTOMER_0856,88.0,7,693.36,0.39
CUSTOMER_0857,3.0,4,182.75,0.53
CUSTOMER_0858,5.0,5,675.1,0.46
CUSTOMER_0859,87.0,1,97.05,0.06
CUSTOMER_0860,40.0,6,467.43,0.1
CUSTOMER_0861,64.0,2,146.44,0.27
CUSTOMER_0862,7.0,2,333.88,0.36
CUSTOMER_0863,27.0,9,1030.86,0.35
CUSTOMER_0864,36.0,12,1462.91,0.29
CUSTOMER_0865,34.0,8,933.76,0.18
CUSTOMER_0866,16.0,12,1213.61,0.26
CUSTOMER_0867,1.0,2,167.48,0.26
CUSTOMER_0868,26.0,8,1183.24,0.18
CUSTOMER_0869,9.0,10,608.27,0.03
CUSTOMER_0870,18.0,14,828.06,0.11
CUSTOMER_0871,95.0,8,1116.3,0.35
CUSTOMER_0872,15.0,8,569.16,0.21
CUSTOMER_0873,55.0,4,364.77,0.21
CUSTOMER_0874,6.0,3,303.52,0.56
CUSTOMER_0875,33.0,1,87.79,0.34
CUSTOMER_0876,113.0,7,962.53,0.11
CUSTOMER_0877,3.0,9,1132.66,0.08
CUSTOMER_0878,1.0,2,266.92,0.37
CUSTOMER_0879,17.0,2,306.02,0.14
CUSTOMER_0880,3.0,1,80.81,0.07
CUSTOMER_0881,41.0,6,500.98,0.26
CUSTOMER_0882,74.0,8,849.84,0.22
CUSTOMER_0883,17.0,5,466.25,0.46
CUSTOMER_0884,9.0,4,698.94,0.33
CUSTOMER_0885,17.0,10,1539.4,0.29
CUSTOMER_0886,39.0,1,77.54,0.09
CUSTOMER_0887,1.0,18,856.03,0.54
CUSTOMER_0888,27.0,11,548.14,0.44
CUSTOMER_0889,29.0,1,51.3,0.69
CUSTOMER_0890,30.0,11,677.35,0.43
CUSTOMER_0891,8.0,10,1185.99,0.25
CUSTOMER_0892,38.0,1,160.95,0.18
CUSTOMER_0893,3.0,1,133.3,0.39
CUSTOMER_0894,7.0,5,390.42,0.43
CUSTOMER_0895,63.0,6,603.99,0.06
CUSTOMER_0896,40.0,6,666.03,0.25
CUSTOMER_0897,1.0,11,1699.14,0.06
CUSTOMER_0898,9.0,4,606.09,0.26
CUSTOMER_0899,7.0,7,1188.4,0.45
CUSTOMER_0900,9.0,8,904.74,0.43
CUSTOMER_0901,9.0,4,546.19,0.03
CUSTOMER_0902,2.0,7,419.99,0.31
CUSTOMER_0903,18.0,6,728.69,0.09
CUSTOMER_0904,40.0,4,332.19,0.13
CUSTOMER_0905,28.0,5,528.23,0.32
CUSTOMER_0906,34.0,6,780.45,0.24
CUSTOMER_0907,3.0,4,334.05,0.12
CUSTOMER_0908,91.0,10,528.46,0.3
CUSTOMER_0909,55.0,5,223.38,0.31
CUSTOMER_0910,49.0,3,141.48,0.1
CUSTOMER_0911,52.0,12,550.56,0.32
CUSTOMER_0912,81.0,1,70.0,0.29
CUSTOMER_0913,24.0,8,611.31,0.44
CUSTOMER_0914,7.0,9,665.98,0.49
CUSTOMER_0915,29.0,5,930.46,0.26
CUSTOMER_0916,41.0,5,450.35,0.39
CUSTOMER_0917,40.0,7,420.2,0.25
CUSTOMER_0918,22.0,5,604.67,0.23
CUSTOMER_0919,2.0,7,1128.14,0.42
CUSTOMER_0920,14.0,8,1100.14,0.44
CUSTOMER_0921,76.0,2,172.69,0.29
CUSTOMER_0922,26.0,10,1231.97,0.46
CUSTOMER_0923,23.0,7,997.45,0.28
CUSTOMER_0924,9.0,5,715.23,0.13
CUSTOMER_0925,14.0,5,695.76,0.28
CUSTOMER_0926,68.0,6,980.02,0.22
CUSTOMER_0927,33.0,6,977.21,0.35
CUSTOMER_0928,46.0,4,498.91,0.2
CUSTOMER_0929,18.0,9,925.4,0.33
CUSTOMER_0930,30.0,5,658.24,0.27
CUSTOMER_0931,9.0,6,921.02,0.36
CUSTOMER_0932,37.0,1,30.74,0.24
CUSTOMER_0933,17.0,11,1948.14,0.01
CUSTOMER_0934,18.0,8,529.69,0.24
CUSTOMER_0935,31.0,8,850.27,0.2
CUSTOMER_0936,83.0,16,2600.1,0.7
CUSTOMER_0937,2.0,20,1509.67,0.5
CUSTOMER_0938,52.0,10,1088.25,0.23
CUSTOMER_0939,10.0,13,770.57,0.33
CUSTOMER_0940,18.0,7,719.84,0.13
CUSTOMER_0941,1.0,9,641.95,0.2
CUSTOMER_0942,11.0,1,103.0,0.25
CUSTOMER_0943,21.0,3,324.4,0.68
CUSTOMER_0944,2.0,7,1234.0,0.11
CUSTOMER_0945,20.0,4,754.95,0.42
CUSTOMER_0946,79.0,20,1190.62,0.38
CUSTOMER_0947,3.0,8,1148.82,0.16
CUSTOMER_0948,43.0,17,858.28,0.5
CUSTOMER_0949,16.0,6,294.75,0.38
CUSTOMER_0950,32.0,2,126.16,0.4
CUSTOMER_0951,9.0,2,347.59,0.33
CUSTOMER_0952,5.0,4,702.34,0.36
CUSTOMER_0953,5.0,4,286.7,0.18
CUSTOMER_0954,2.0,2,123.2,0.42
CUSTOMER_0955,6.0,5,376.02,0.46
CUSTOMER_0956,33.0,15,1735.2,0.19
CUSTOMER_0957,64.0,10,1206.03,0.41
CUSTOMER_0958,50.0,10,767.46,0.2
CUSTOMER_0959,35.0,2,318.74,0.28
CUSTOMER_0960,4.0,7,574.15,0.16
CUSTOMER_0961,10.0,2,361.63,0.15
CUSTOMER_0962,11.0,3,442.18,0.22
CUSTOMER_0963,9.0,17,1771.47,0.28
CUSTOMER_0964,22.0,11,1680.0,0.14
CUSTOMER_0965,23.0,3,487.0,0.34
CUSTOMER_0966,13.0,8,668.21,0.13
CUSTOMER_0967,13.0,9,821.4,0.31
CUSTOMER_0968,53.0,7,1173.19,0.36
CUSTOMER_0969,47.0,17,1145.85,0.22
CUSTOMER_0970,11.0,15,770.32,0.47
CUSTOMER_0971,74.0,1,116.62,0.28
CUSTOMER_0972,92.0,13,2012.43,0.28
CUSTOMER_0973,12.0,2,282.85,0.38
CUSTOMER_0974,13.0,7,1173.3,0.34
CUSTOMER_0975,21.0,5,622.82,0.28
CUSTOMER_0976,85.0,4,231.03,0.09
CUSTOMER_0977,63.0,6,750.84,0.32
CUSTOMER_0978,3.0,4,598.99,0.06
CUSTOMER_0979,15.0,3,156.36,0.16
CUSTOMER_0980,24.0,4,305.71,0.11
CUSTOMER_0981,21.0,3,129.42,0.33
CUSTOMER_0982,6.0,13,1604.31,0.2
CUSTOMER_0983,59.0,7,1143.95,0.3
CUSTOMER_0984,34.0,5,637.66,0.12
CUSTOMER_0985,55.0,1,164.55,0.17
CUSTOMER_0986,59.0,9,462.22,0.12
CUSTOMER_0987,41.0,12,2015.21,0.58
CUSTOMER_0988,17.0,18,2774.72,0.15
CUSTOMER_0989,28.0,7,629.71,0.16
CUSTOMER_0990,5.0,2,380.82,0.49
CUSTOMER_0991,34.0,2,183.37,0.32
CUSTOMER_0992,6.0,11,1811.31,0.34
CUSTOMER_0993,36.0,10,1641.83,0.17
CUSTOMER_0994,8.0,4,558.64,0.34
CUSTOMER_0995,4.0,10,1208.01,0.2
CUSTOMER_0996,5.0,8,472.39,0.33
CUSTOMER_0997,1.0,4,481.15,0.4
CUSTOMER_0998,38.0,10,983.13,0.24
CUSTOMER_0999,40.0,8,1225.59,0.53
CUSTOMER_1000,22.0,15,2170.39,0.37
